{
  "training_date": "2026-01-09T16:54:51.238221",
  "model_type": "XGBoost",
  "num_features": 30,
  "train_size": 227845,
  "test_size": 56962,
  "metrics": {
    "precision": 0.359504132231405,
    "recall": 0.8877551020408163,
    "f1_score": 0.511764705882353,
    "roc_auc": 0.9766702580019065
  }
}